text,label,notes,source_url
Being overrated and being bad are two very different things.,hot_take,,https://www.reddit.com/r/soccer/comments/1koebo5/gastón_edul_emiliano_martinezs_time_in_aston/msr9mvk/
jamie vardy is football heritage,banter,,https://www.reddit.com/r/soccer/comments/1kdud7k/the_referee_goes_down_injured_due_to_a_collision/mqdob3b/
What a goal,reaction,,https://www.reddit.com/r/soccer/comments/1kptj2s/cagliari_30_venezia_alessandro_deiola_71/mt0jqg3/
the most spursy thing to do would be to not break their trophy drought while everyone else does,banter,,https://www.reddit.com/r/soccer/comments/1koyfyl/official_crystal_palace_have_won_the_fa_cup_and/mstoxfb/
"Oh fuck off, Cristante banger after those two saves is what kills us?!",reaction,,https://www.reddit.com/r/soccer/comments/1kpr6dt/match_thread_as_roma_vs_ac_milan_italian_serie_a/mt0hh0o/
What a save! Fucking hell,reaction,,https://www.reddit.com/r/soccer/comments/1kovbqa/match_thread_crystal_palace_vs_manchester_city_fa/mst8sar/
"I think it will be bad for Barca. With this team, they will obviously be scoring goals for fun against any team. On the defensive sides though, the flanks will be a bit weak and might leak goals there. But I don't doubt their defensive workrate. Vini sometimes drops and helps, Mbappé doesn't, but Bellingham makes up for it by pressing like a madman and TAA will press but not as much as Bellingham and not like Vini and somewhere in the middle.",analysis,,https://www.reddit.com/r/soccer/comments/1kn7qj5/xabi_alonso_wants_to_play_with_three_centrebacks/mshte29/
"They brought a manager to manage a squad build on the vision of another manager with players that have flopped season in and season out in prem. Also, Amorim needs specialized players to play his system. And his system does not work because he wants to do a man to man press when united don't have the legs for it in midfield. It is a culmination of eveything that had happened in united for past decade. However, manager is doing himself no favour by trying the same thing that does not work over and over again. I think he severly under estimated the prem and is now paying the price for it.",analysis,,https://www.reddit.com/r/soccer/comments/1kpgheq/daily_discussion/mt2li9u/
They really aren’t beating the overrated allegations here,hot_take,,https://www.reddit.com/r/soccer/comments/1koebo5/gastón_edul_emiliano_martinezs_time_in_aston/msrsa9m/
Yeah I read someone else mention that he is a second striker. A 4-2-2-2 maybe but we don't have good enough legs in midfield to handle transitions. The only ones with good defensive actions and legs in such a scenario currently is caicedo. Santos is still to play in prem. Even in the current system our issue is speed of play and isolation of wingers so I don't know how we can service a two striker system. And our manager has not tried such a system anyway so these links baffles me more. We will waste the player if he comes here unless manager is thinking about a new style of attack.,analysis,,https://www.reddit.com/r/soccer/comments/1knq37r/tuttosport_juventus_and_napoli_reignite_interest/msl1tx8/
I CANT BELIEVE WE AREE HOLY FUCKKKK,reaction,,https://www.reddit.com/r/soccer/comments/1k8ny1w/barcelona_1_2_real_madrid_aurelien_tchouameni_77/mp7pw4i/
I’ve been hearing about this kid and his football heritage since he was born. I wonder if he’ll actually be a goalscoring pro,banter,,https://www.reddit.com/r/soccer/comments/1km9pz0/benjamin_aguero_doing_shooting_practice_with_a/ms9gioy/
No way he's being considered,reaction,,https://www.reddit.com/r/soccer/comments/1kq6wjh/espn_ihattaren_on_being_relegated_with_rkc/mt3dz7u/
"Joan Garcia feels kind of overrated, I would've had that surely",hot_take,,https://www.reddit.com/r/soccer/comments/1knh2wd/match_thread_espanyol_vs_barcelona_laliga/msii7yl/
Most normal day in Spanish football,banter,,https://www.reddit.com/r/soccer/comments/1kc5zfs/luis_rubiales_denounces_tebas_before_the_csd_for/mpzzd24/
LONG THROW! FOOTBALL HERITAGE,banter,,https://www.reddit.com/r/soccer/comments/1kovbqa/match_thread_crystal_palace_vs_manchester_city_fa/mstggry/
"Sweden also had that sort of assymetric transition between defense and attack for many years, going from a straight 4-4-2 in defense to more of a 3-4-3 in possession. Mikael Lustig essentially became a third CB while Sebastian Larsson was a wide playmaker, and on the other side you'd often have Dejan Kulusevski and Ludwig Augustinsson moving up the pitch.",analysis,,https://www.reddit.com/r/soccer/comments/1kn7qj5/xabi_alonso_wants_to_play_with_three_centrebacks/mskm1bl/
No way wtf was that,reaction,,https://www.reddit.com/r/soccer/comments/1kps0mo/match_thread_internazionale_vs_lazio_italian/mt0iq24/
"Its a goalkeepers job to stop balls, if it was only a defensive issue then no team would employ a goalkeeper. Why? They dont need to stop shots anyways just rely on the defe sers to always deal with it. You have also given a very good reason on why we cannot rely on him anymore. An injury prone keeper who you also cant ever expect to stop a shot? What does this man do other than good ball distribution? Put gavi in goal at that point",analysis,,https://www.reddit.com/r/soccer/comments/1kpr6pc/barcelona_2_3_villarreal_tajon_buchanan_80/mt00f6x/
"I couldn’t agree more. Yes, we had a lot of injuries this season, but I can name only about 4 players who had a good season. The rest were just mediocre, or outright terrible. Our bench lacks in quality, and the midfield and attack are absolutely hopeless against a defensive minded team. Whether we win or not next week, questions need to be asked. Many players need to be booted, and the squad is in dire need of an overhaul",analysis,,https://www.reddit.com/r/soccer/comments/1kpu8ff/post_match_thread_parma_00_napoli_italian_serie_a/mt0qbax/
Least tense Serie A week and next week.,banter,,https://www.reddit.com/r/soccer/comments/1kpu7ss/serie_a_standings_with_one_game_left/mt3vrnz/
"Lmao that's not a thing, were you born yesterday? Did Zlatan press a lot? Aguero? Torres? Klose? Or does Lautaro press a lot? Wood? Watkins? Haaland? Star forward's job in mosr teams has never been pressing, they conserve most of their energy attacking. Just like a centre back doesn't go forward. That doesn't mean they never press, I've seen all of those players press. But most of the time it's just not worth it. People in reddit really fail to grasp the concept of forwards and what's their main job. I'm sure no one gives a fuck if Mbappe doesn't press if he scores 30 goals a season, except some redditors.",analysis,,https://www.reddit.com/r/soccer/comments/1kmf07j/toni_kroos_el_clásicos_mvp_kylian_mbappé_no_one/mscqfvc/
"issues this season has always stemmed from midfield, there's no real stability in it so we're losing almost every midfield battle so get done in transition a lot more than usual This season has just shown how integral rodri is to our entire system. Pep hasn't been able to figure out how to work around his absence and he hasn't got enough trust (yet) in Nico G to do that dm role",analysis,,https://www.reddit.com/r/soccer/comments/1koyl9m/serious_postmatch_thread_crystal_palace_10/mstrrhp/
what a nice pass really,reaction,,https://www.reddit.com/r/soccer/comments/1kowauw/piast_gliwice_10_górnik_zabrze_tomáš_huk_22/mstakre/
Football heritage game.,banter,,https://www.reddit.com/r/soccer/comments/1kfxnvn/on_this_day_10_years_ago_lionel_messi_scored_a/mquokfo/
That’s what makes it football heritage,banter,,https://www.reddit.com/r/soccer/comments/1koyfp0/dean_henderson_briefly_goalkeeping_with_a_cap_on/msxh202/
"Any of the Italian ones. I'd fancy him in Germany as well. Probably Chelsea... Basically any of the teams that have or can transition to a back 3/5 system. Any of them that need to be totally revamped for his system to work however would take 5 transfer windows to be suited to him and at big clubs, you just don't get that sort of time.",analysis,,https://www.reddit.com/r/soccer/comments/1kn7mbg/daily_discussion/msgwuab/
What a moment to score his first Eredivisie goal!,reaction,,https://www.reddit.com/r/soccer/comments/1kpipd7/match_thread_ajax_amsterdam_vs_fc_twente_dutch/msy4ywc/
"Yea Partey is properly washed. I was so confused seeing people say he should be renewed. All he did was give us a little bit more defence in midfield to allow Rice to go forward and give us more in attack when we needed it. It's clear how slow he is to progress the ball from our own half and how limited his passing is, and not even nimble to make space for himself. He's good against weaker opponents because he isnt asked to do to much but could see under newcastles press he's useless",analysis,"Edge case: strong negative phrasing, but labeled analysis because it gives a specific midfield/attack role explanation.",https://www.reddit.com/r/soccer/comments/1kppelf/post_match_thread_arsenal_10_newcastle_united/mszxyga/
"it definitely would not be spursy to win the CL, moreso reach the final and then proceed to get relegated from the championship",banter,,https://www.reddit.com/r/soccer/comments/1kob53q/squawka_tottenham_have_equalled_the_club_record/msqzk43/
"idk about Skipp, he constantly makes fouls, blocks his own teammates’ passing lanes in possession and has poor technique overall. Anything he does is done better by Ndidi, Soumaré (when he can be bothered to track back out of possession or mark his man) and Winks Agree that Buonanotte should be starting though, it’s unforgivable that Ruud has demoted him to a benchwarmer when he was probably our best player under Cooper",analysis,,https://www.reddit.com/r/soccer/comments/1kpkfqu/match_thread_leicester_city_vs_ipswich_town/msyfn9q/
Oh what a save!!,reaction,,https://www.reddit.com/r/soccer/comments/1kovbqa/match_thread_crystal_palace_vs_manchester_city_fa/mst8orm/
"This. He does a whole lot on pressing and defending. He’s the best itw winger at creating chances for others, and he’s one of the best attackers (including strikers) at creating and finishing his own chances. Once his finishing inside the box becomes elite it’s ggs. Ooh also he’s literally undefendable.. I’ve yet to see him struggle in a game because a particularly good defender was giving him problems.",analysis,,https://www.reddit.com/r/soccer/comments/1ko0m2i/cole_palmer_lamine_yamal_mad_init_i_think_hes_the/msn5dtz/
"That's another way, for that we have to merge with team stats too but problem is we're using general team possession (regardless of variance of possession with/out the player, wouldn't make a big difference). Better way would be adjusting to share of team's stats I think. progressive passes/carry as a % of team's total progressive pass/carry adjust to touches is just the most convenient way as it adjust for opportunity a player may have.",analysis,,https://www.reddit.com/r/soccer/comments/1kphsiu/ball_progression_by_defenders_26_and_under_big_5/msz4ztn/
Most normal Spanish football club reaction to a loss,banter,,https://www.reddit.com/r/soccer/comments/1kgt0t1/the_catalan_press_have_slammed_szymon_marciniak/mr24jqq/
Just as we should be. Being liked by other fans is overrated,hot_take,,https://www.reddit.com/r/soccer/comments/1koc413/postmatch_thread_chelsea_10_manchester_united/msp0vva/
"Who needs midfielders, I always thought they were overrated",hot_take,,https://www.reddit.com/r/soccer/comments/1koqb7h/daily_discussion/mssu94q/
I beg you don't go full spursy for one game...the meltdown from Arsenal and the fact it screws man united over would be lovely,banter,,https://www.reddit.com/r/soccer/comments/1kmc5vp/the_overlap_gary_neville_when_you_look_at/ms9qjln/
"Not good at all. Lacks defensive abilities for a right back and has made many mistakes this season leading to important goals against PSV. There are speculations he’s leaving after this season, which would be for the best. He’s okay in attack, nothing special, and seems like a nice person as well, but PSV really needs a different back up right back to Dest. Richy in defense unfortunately is one of the reasons PSV has struggled this season.",analysis,,https://www.reddit.com/r/soccer/comments/1kpl9k4/psv_eindhoven_win_eredivisie_title_for_the_26th/msze95g/
This is football heritage,banter,,https://www.reddit.com/r/soccer/comments/1kkl92o/20_years_on_from_one_of_the_most_ruinous/mrx8a2e/
This is proper football heritage,banter,,https://www.reddit.com/r/soccer/comments/1kl28kh/chelsea_are_ready_to_pay_the_5m_penalty_to_send/mrz83dy/
"""Underrated"", ""Overrated"" and ""Bottlejob"" are probably the three most misused words in modern football.",hot_take,,https://www.reddit.com/r/soccer/comments/1kovlby/borussia_dortmund_have_qualified_for_the_2526/mst4tp7/
"I've never seen a manger get such a pass for playing absolute dog shit every week that 6 draws 6 wins and 14 losses, he hasn't improved any aspect of our play not our defending, attacking, passing, pressing nothing..but hey the players are shit and apparently it's not his fault that he doesn't have the players suited to this glorious system of his.. It's fcking bizarre...",analysis,,https://www.reddit.com/r/soccer/comments/1kocc87/squawka_two_more_unwanted_records_for_manchester/msqzyui/
"Covid ass stadium,cant believe these guys are making hundreds of millions to play in front of nobody",reaction,,https://www.reddit.com/r/soccer/comments/1iczl3a/al_khor_01_al_ahli_julian_draxler_87_incredible/m9vfmjm/
Least Polish father,banter,,https://www.reddit.com/r/soccer/comments/1kpt6j8/szczesnys_son_with_a_bicycle_kick_attempt_but_his/mt1x7nu/
Lamine Yamal is an overrated dribble and banger merchant,hot_take,,https://www.reddit.com/r/soccer/comments/1kppm9b/barcelona_1_1_villarreal_lamine_yamal_38/mszl9f5/
What a performance today. Saved our ass and secured extra rest for the starters. Absolute legend.,reaction,,https://www.reddit.com/r/soccer/comments/1knngyk/teks_postgame_interview_in_polish_best_bits/msjua78/
What a goal. Is there a Puskas for U15s?,reaction,,https://www.reddit.com/r/soccer/comments/1kpnmcw/croatia_u15_1_2_portugal_u15_cristiano_ronaldo_jr/msz4606/
No idea how people can still claim Foden is overrated in the year of our lord 2025. Also Goretzka has been getting tons of criticism for years.,hot_take,,https://www.reddit.com/r/soccer/comments/1knz2kf/daily_discussion/msmoq79/
What a save! What a save! What a save!,reaction,,https://www.reddit.com/r/soccer/comments/1kpoprz/match_thread_barcelona_vs_villarreal_laliga/mszefl9/
Holy shit what a goal,reaction,,https://www.reddit.com/r/soccer/comments/1kpqp92/alternate_angles_of_julián_alvarezs_stunning_long/mszt38a/
KDB looks a tad washed.,hot_take,,https://www.reddit.com/r/soccer/comments/1kovbqa/match_thread_crystal_palace_vs_manchester_city_fa/msto5qq/
What a time to get a goal,reaction,,https://www.reddit.com/r/soccer/comments/1kpr6pc/barcelona_2_3_villarreal_tajon_buchanan_80/mszw3k1/
I CANT BELIEVE MY EYES,reaction,,https://www.reddit.com/r/soccer/comments/1go6gr9/stuttgart_03_eintracht_frankfurt_omar_marmoush_62/lwg008j/
"Yep, and I think where it went wrong for him is trying to transition back to his own style. Even with so many transfer he was still basically stuck with half the team being more suited to direct/counter based football and other half more suited to possession-based football. I think what he lacked the most to play his football was a midfielder that could carry the ball forwards (that’s why he really wanted De Jong) and wingers plus a striker that were more technical and could combine more in the small spaces (basically an Antony type but that didn’t work out)",analysis,,https://www.reddit.com/r/soccer/comments/1koiimi/optajoe_092_ruben_amorim_has_won_24_points_in_26/msrtqyl/
"Makaay was such a unique striker. One chance one goal, get him in position and he was lethal as hell. One of the best finishers I've seen, his efforts were almost always on target. It was a shame that the Bayern team he moved to wasn't that good, he would have been so prolific in front of a midfield that created chances for him all game.",analysis,,https://www.reddit.com/r/soccer/comments/1kq7s65/25_years_ago_deportivo_de_la_coruña_beat_espanyol/mt3xhya/
football heritage,banter,,https://www.reddit.com/r/soccer/comments/1kpql5s/fenerbahçe_becomes_the_first_team_to_finish_2nd/mszrn7t/
"Bottling a 9-point lead in the title race is a very Spursy thing to do, so I can see the appeal.",banter,,https://www.reddit.com/r/soccer/comments/1kq74z7/official_francesco_farioli_leaves_ajax/mt3dx8w/
"You are the one who first mentioned pressing btw. Messi and Ronaldo didn't ghost often just to score. They were massive contributors to the team not just with goals. Am I actually defending the two best players ever? Lmao Mbappe was genuinely a ghost, in fact there were other french forwards playing better than him that match. Zero threats to our defense or midfield, he scored when he had to obviously but not much outside of that.",analysis,,https://www.reddit.com/r/soccer/comments/1kmf07j/toni_kroos_el_clásicos_mvp_kylian_mbappé_no_one/msbe1cn/
"Buongiorno or Rarhmani over Kjaer, Lobotka over Bennacer, Kessie or Anguissa is 50/50. Di Lorenzo over Calabria Washed Ibra, Giroud, Lukaku is all the same lol",hot_take,,https://www.reddit.com/r/soccer/comments/1kpu8ff/post_match_thread_parma_00_napoli_italian_serie_a/mt0wvx2/
Dusan and Nico goal? What alternate universe is this?!,reaction,,https://www.reddit.com/r/soccer/comments/1kprdje/match_thread_juventus_vs_udinese_italian_serie_a/mt0hp1v/
"I really enjoyed our 3-4-1-2 from the promotion campaign. But for the fact the wingbacks need to be absolute unicorns like Daniel Munoz or Denzel Dumfries, I'd be willing to call it the best system around. It's so hard to press because of the extra width at the back. It has so much verticality which means direct transitions are always a threat. The extra defender usually provides aerial threat at set pieces. The problems in possession are real though. Dropping the wingers provides less penetration and creates fewer overloads. Those players who force defences to go 2v1 are removed.",analysis,,https://www.reddit.com/r/soccer/comments/1kpgheq/daily_discussion/msxyp2t/
Most normal Utd fan ever,banter,,https://www.reddit.com/r/soccer/comments/1kdz2ol/arsenal_1_2_bournemouth_evanilson_75/mqevlo2/
"This happens when the international market becomes more important then the own football heritage. Jerseys must be liked by influencers, not fans.",banter,,https://www.reddit.com/r/soccer/comments/1kjg1kp/bayern_fans_banner_your_shirt_designs_are_a/mrmjfbl/
I CANT BELIEVE THIS IS MY CLUB,reaction,,https://www.reddit.com/r/soccer/comments/1kgc8rf/match_thread_inter_milan_vs_barcelona_uefa/mqy9stw/
Florentino couldn’t get Vinicius a Ballon D’or after doing a double. He’s washed,hot_take,,https://www.reddit.com/r/soccer/comments/1kq71mp/daily_discussion/mt3ysao/
What a save,reaction,,https://www.reddit.com/r/soccer/comments/1kpmo2n/match_thread_arsenal_vs_newcastle_united_english/msyw7gs/
"Formation is still important of course. A wingback is quite a specialised role for instance, most wingers can't play there and most fullbacks can't do the attacking side of the game. And then if you recruit a bunch of wingbacks, they're often crap in a back four so they need to be moved on if your back three manager goes.",analysis,,https://www.reddit.com/r/soccer/comments/1kq71mp/daily_discussion/mt3med3/
"I think there are a lot of differences between now and then. It's faster now with more pressing. I think there is a lot more tactical awareness and discipline from the players now, which reduces the chances for individual 'flair' players to have their moments. Most players are more technically gifted and quicker too, so when a mistake is made it is also more likely to be punished. When I watch some old games and great moments of play you sometimes wonder why they have so much time and space.",analysis,,https://www.reddit.com/r/soccer/comments/1kn7ipt/ft_john_burnmurdoch_changes_from_20002025_in/msg6cd2/
Crystal Palace at 12th is football heritage,banter,,https://www.reddit.com/r/soccer/comments/1kjag8w/chelsea_women_has_ended_the_wsl_season_unbeaten/mrlainq/
Cant believe im agreeing with lazio fans,reaction,,https://www.reddit.com/r/soccer/comments/1glw5ka/match_thread_union_stgilloise_vs_as_roma_uefa/lvxyucb/
Man's collecting European trophies without leaving the bench. Football heritage.,banter,,https://www.reddit.com/r/soccer/comments/1ki2wtp/optajose_12th_real_betis_have_become_the_12th/mrbsuf7/
One trick pony. Overrated. Will be gone by mid season next year for sure,hot_take,,https://www.reddit.com/r/soccer/comments/1koiimi/optajoe_092_ruben_amorim_has_won_24_points_in_26/msrpyrd/
To be fair Reina is completely washed up and I never rated Jorgensen much either(despite him being half Swedish lol),hot_take,,https://www.reddit.com/r/soccer/comments/1kprlmu/villarreal_have_qualified_for_the_uefa_champions/mt04drt/
Football heritage. Crying kid in the stands. You love to see it.,banter,,https://www.reddit.com/r/soccer/comments/1kovbqa/match_thread_crystal_palace_vs_manchester_city_fa/msto9u4/
"What I am trying to say is that it is all dependant on the system they are playing in. Our team is primed for an attacking fullback to overlap Salah. We have the likes of Mac Allister and Szoboszlai who cover an incredible amount of ground, and two centre backs that are wonderful in one-on-one scenarios against attackers. It may mean that our DM will have to drop back deeper to allow Konate to push out wider etc in transitions. It’s not as straight forward as X is a RWB, and Liverpool play 4-3-3, therefore it isn’t a good fit.",analysis,,https://www.reddit.com/r/soccer/comments/1kn7mbg/daily_discussion/msh2w5a/
my god what a goal!! Whoever uploads the highlight better put the whole string of a gazillion passes together.,reaction,,https://www.reddit.com/r/soccer/comments/1kppbp5/match_thread_atlético_madrid_vs_real_betis_laliga/msztmdz/
"Madrid PR is washed, Barca PR got Messi 2 bdors after 2020, Lamine is winning this one easy",hot_take,,https://www.reddit.com/r/soccer/comments/1kq71mp/daily_discussion/mt3kbq2/
Is he overrated af or just really badly used in that city side?,hot_take,,https://www.reddit.com/r/soccer/comments/1koygl7/postmatch_thread_crystal_palace_10_manchester/mstux2g/
How Spursy of them,banter,,https://www.reddit.com/r/soccer/comments/1kk3rtl/match_thread_liverpool_vs_arsenal_english_premier/mrrkold/
"noone gives a fuck about the past, its here and now and mou is washed",hot_take,,https://www.reddit.com/r/soccer/comments/1kpq3h4/galatasaray_coach_okan_buruk_places_his_laptop_in/mt04b5f/
WHAT A SAVE THO,reaction,,https://www.reddit.com/r/soccer/comments/1kowji5/dean_henderson_penalty_save_against_manchester/mst8y7i/
What a goal! Some nice quick passes.,reaction,,https://www.reddit.com/r/soccer/comments/1kpl688/brentford_1_1_fulham_bryan_mbeumo_22/msyj6wd/
No way he would move if he didn't get guaranteed 4+1 years contract.,reaction,,https://www.reddit.com/r/soccer/comments/1kpq8tq/radio_marca_xabi_alonso_has_asked_real_madrid_to/mszv7j4/
I CANT BELIEVE HE PLAYS FOR MY CLUB,reaction,,https://www.reddit.com/r/soccer/comments/1j8wgaw/match_thread_barcelona_vs_benfica_uefa_champions/mh8tgpf/
"This is something people comes up for star attackers whenever the team isn’t winning and they don’t like them. It’s usually talked about being a defensive liability. Like right now with Real and how Vini doesn’t press, which wasn’t an issue last year but now it suddenly is. But I’ve heard almost nothing about Messi literally walking when his teams don’t have the ball. Truth is there’s been attackers that save their energy for attacking plays since football has been a thing. Zamorano famously talked about how Ronaldo and Vieri wouldn’t defend at Inter so he would defend to get on the lineup.",analysis,,https://www.reddit.com/r/soccer/comments/1kpcs4n/official_alnassr_have_failed_to_qualify_for_next/msxe2mn/
"Why disingenuous? Yes it's true Barca have 23 more goals scored. It's just a fun fact because I was surprised that Real and Barca had same GA as I thought Barca made every opponent offside and Real had no defenders. The point here is that Barca is winning La Liga because they are stronger offensively and outscored their opponents, and that Madrid forwards were underperforming, using same GA as a baseline comparison. Flick's offside trap, high line and pressing did snuff out a lot of goals, especially against Real Madrid (of all teams...), but it's still as leaky as Real's defence without a proper RB.",analysis,,https://www.reddit.com/r/soccer/comments/1kltldd/kroos_on_el_clásico_even_after_the_20_i_had/msagvm8/
TWO CORNER GOALS I CANT BELIEVE MY EYES,reaction,,https://www.reddit.com/r/soccer/comments/1jp44kj/match_thread_real_madrid_vs_real_sociedad_copa/mkxfpul/
WOW what a save,reaction,,https://www.reddit.com/r/soccer/comments/1ko8vth/match_thread_chelsea_vs_manchester_united_premier/msol5a3/
it's football heritage,banter,,https://www.reddit.com/r/soccer/comments/1kk2zkm/barcelona_4_2_real_madrid_raphinha_45/mrrbfu1/
Once Atlético fans realise just how far below Oblak’s level Martinez is they would be begging for him back. Martinez is an average keeper with a good highlights reel. One of the most overrated players on the planet.,hot_take,,https://www.reddit.com/r/soccer/comments/1kof9kv/emi_martinez_waving_to_the_villa_park_crowd_with/mss956f/
Keep crying the washed one,hot_take,,https://www.reddit.com/r/soccer/comments/1kpscz1/jose_mourinho_the_way_you_celebrate_a/mt07ng9/
I CANT BELIEVE OT WTD TJWBD,reaction,,https://www.reddit.com/r/soccer/comments/1gcs43c/match_thread_real_madrid_vs_barcelona_laliga/ltwj9yz/
What a fucking goal,reaction,,https://www.reddit.com/r/soccer/comments/1kpqp92/alternate_angles_of_julián_alvarezs_stunning_long/mt0lypl/
that'll teach the gambling site to gamble the most normal thing away then. they don't have to behave like Polymarket.,banter,,https://www.reddit.com/r/soccer/comments/1kem2yg/lucas_paquetá_received_a_yellow_card_after_a_foul/mqoct3c/
Maybe Son is a bit overrated,hot_take,,https://www.reddit.com/r/soccer/comments/1ko7zk5/match_thread_aston_villa_vs_tottenham_hotspur/msocmwb/
"I don't believe it at all, but in the event i'm wrong i'd imagine we lean heavily in the no striker double 10 formation we've played with Jones/Szobo this season. Give up on signing a striker and go with that.",analysis,,https://www.reddit.com/r/soccer/comments/1kmfxf1/daily_discussion/msaacwu/
Cucking in football? Is that what happening to my favorite sport? Nah it's already a football heritage at this point lol,banter,,https://www.reddit.com/r/soccer/comments/1kgjd50/inter_milan_on_x/mqz8ezn/
"Damn, what a save",reaction,,https://www.reddit.com/r/soccer/comments/1kpoprz/match_thread_barcelona_vs_villarreal_laliga/mszgipr/
De Gea in general is overrated,hot_take,"Edge case: short and unsupported player evaluation, labeled hot_take.",https://www.reddit.com/r/soccer/comments/1kpgheq/daily_discussion/mszqrzz/
"Barcelona scoring 5 in El Classicos, that is football heritage",banter,,https://www.reddit.com/r/soccer/comments/1kk1ntt/match_thread_barcelona_vs_real_madrid_laliga/mrrpjge/
"You can aim for it all you want, but realistically it's not possible to achieve, and the more players you have that are some of the best in the world or central to your system or both, the difficult it is to find adequate replacements for them. For me, Merino replaces more of Odegaard's qualities than Rice's. And Nwaneri is an attacking midfielder who's been given more of a chance on the wing because he's looked good there, I wouldn't be surprised if he grows into the Odegaard role. Given we also have Dowman coming up the ranks in the midfield, I don't see us investing a lot in that position, given our needs elsewhere.",analysis,,https://www.reddit.com/r/soccer/comments/1kpoa4l/arsenal_1_0_newcastle_d_rice_55/mt08xuy/
Utds fans also said for years that Bruno is the reason we can't play football. So the sulking started some time last season? Or it was always there but it was more obvious last season? You are the one making a claim mate you should be providing sources. Amad is a winger like saka. His job isn't to stand on the last man. Garnacho does about as much defensive work as Rashford did. I don't know what you mean by tactical masterplan. I said it was a basic tactic that many teams employ. Okie dokie,analysis,,https://www.reddit.com/r/soccer/comments/1knc39y/marcus_rashford_believes_manchester_united_would/msi1aad/
"FCB struggling against Yann Sommer, it's football heritage",banter,,https://www.reddit.com/r/soccer/comments/1kgnmrs/yann_sommer_was_a_wall_against_barcelona/mr0tn3m/
Good lord KDB is washed up 🤣,hot_take,,https://www.reddit.com/r/soccer/comments/1kovbqa/match_thread_crystal_palace_vs_manchester_city_fa/mstauuo/
Madrid PR is washed. Insane bottling for Vini or Bellingham not to win,hot_take,,https://www.reddit.com/r/soccer/comments/1koqb7h/daily_discussion/mstd53a/
"No way they bottle it, right?",reaction,,https://www.reddit.com/r/soccer/comments/1kpsgj6/inter_milan_10_lazio_yann_bisseck_452/mt08j1n/
holy shit what a save,reaction,,https://www.reddit.com/r/soccer/comments/1ko7zk5/match_thread_aston_villa_vs_tottenham_hotspur/mso7cfy/
Spursy defending,banter,,https://www.reddit.com/r/soccer/comments/1kk0v9r/match_thread_tottenham_hotspur_vs_crystal_palace/mrqysa7/
No way Dumfries would've pushed forward as much if he had to defend Balde.,reaction,,https://www.reddit.com/r/soccer/comments/1kpoprz/match_thread_barcelona_vs_villarreal_laliga/mszt2wf/
United winning trophies with no business being there in the first place is football heritage,banter,,https://www.reddit.com/r/soccer/comments/1ki24md/the_2025_uefa_conference_league_final_will_be/mrc5net/
"What a fucking save, undeserved pen",reaction,,https://www.reddit.com/r/soccer/comments/1kovbqa/match_thread_crystal_palace_vs_manchester_city_fa/mst8vcm/
"It is largely a match for Ajax, it's just that the club and the fans are more used to/almost expect a high press, front foot version of controlling possession, while Farioli has been more of a sit back and soak pressure while drawing the attackers in (in the build up) version of controlling possession.",analysis,,https://www.reddit.com/r/soccer/comments/1kq3iy9/francesco_farioli_in_tears_after_possibly_his/mt37ioq/
Well he’s not gonna be in the same system as Leverkusen so his heat map doesn’t really mean much. I’d imagine it’s Gravenberch dropping in as a 3rd CB in transition with the wingbacks bombing forward like Klopps Liverpool with Fabinho,analysis,,https://www.reddit.com/r/soccer/comments/1kn3hnw/david_ornstein_liverpool_advancing_in_talks_to/msf75fs/
I can't imagine how good it must've felt for the PSV fans. That's REAL football heritage.,banter,,https://www.reddit.com/r/soccer/comments/1kmqgj8/psv_fans_reacting_to_groningens_goal/mschiql/
I CANT BELIEVE WHAT IM WATCHING RICE IS MY CAPTAIN,reaction,,https://www.reddit.com/r/soccer/comments/1junpzz/arsenal_2_0_real_madrid_declan_rice_70/mm3iogf/
FOR GEORGE DAMMIT 💙🇬🇷🥹 I CANT BELIEVE THIS HOLY SHIT OMG 💪🇬🇷💪🇬🇷🇬🇷🇬🇷🇬🇷🇬🇷🇬🇷🇬🇷🇬🇷💪🇬🇷💪🇬🇷💪🇬🇷💪🇬🇷🇬🇷💪💪🇬🇷🇬🇷🇬🇷🇬🇷🇬🇷🇬🇷🇬🇷,reaction,,https://www.reddit.com/r/soccer/comments/1g0srmw/squawka_greece_have_beaten_england_for_the_first/lrb7lxg/
No way he scored fr,reaction,,https://www.reddit.com/r/soccer/comments/1kps7ut/roma_1_1_ac_milan_joão_félix_39/mt04fwe/
No way he would want to go to palace,reaction,,https://www.reddit.com/r/soccer/comments/1kq7u4j/rayan_cherki_21_was_in_tears_after_lyons_last/mt3kw3z/
"He was used as a CF because he's a CF. We effectively have played with 10 men all season because he's useless though. The struggle of do you try a strikerless formation and give up fully (we tried a few times), or do you just force in your system even though the striker is a key player in it, and hope he has a few on days.",analysis,,https://www.reddit.com/r/soccer/comments/1kob68r/rasmus_højlund_pulling_levi_colwills_shirt_off/msti5lr/
He's playing in SA. He knows he's washed. Or have you spoken to him personally and got other info?,hot_take,,https://www.reddit.com/r/soccer/comments/1kpcs4n/official_alnassr_have_failed_to_qualify_for_next/mt0sbyj/
"Varane is one of the most overrated defenders of his generation, what a weird example to use.",hot_take,,https://www.reddit.com/r/soccer/comments/1kn7mbg/daily_discussion/msgykt3/
Whatever club buys him for an overpriced price off his career best season will be immeasurably disappointed when he gets put into a worse pressing system and less attacking system and suddenly his output drops and he goes back to being the mediocre player that he is.,analysis,,https://www.reddit.com/r/soccer/comments/1kpgheq/daily_discussion/msy2476/
What fact? That a professional footballer who’s been washed for 4 years now is better than a redditor? Boy you sure showed me lmaooo.,hot_take,,https://www.reddit.com/r/soccer/comments/1kpcs4n/official_alnassr_have_failed_to_qualify_for_next/mt0cl27/
Beating Peps Man City and Emery's Aston Villa to win it after losing their best player last summer. That's football heritage right there,banter,,https://www.reddit.com/r/soccer/comments/1koygt7/crystal_palace_wins_the_2025_fa_cup/mstp57i/
WHAT A SAVE FROM MY KEEPER WHO SHOULD DEFINITELY BE ON THE PITCH,reaction,,https://www.reddit.com/r/soccer/comments/1kovbqa/match_thread_crystal_palace_vs_manchester_city_fa/mst8whb/
current verison is praying on his knees to get sacked and get all his money. Washed one,hot_take,,https://www.reddit.com/r/soccer/comments/1kpobtn/galatasaray_fans_mocking_mourinho_as_the/mszf9e3/
We can't even lose 1-0 without me coming into r/soccer and seeing a highly upvoted post celebrating how many goals and assists Bruno has this season. Give me a break. Overrated,hot_take,,https://www.reddit.com/r/soccer/comments/1knz2kf/daily_discussion/msphrdt/
"The Salah disrespect is insane, hopefully one day the UCL stops getting overrated to the level it is.",hot_take,,https://www.reddit.com/r/soccer/comments/1kppae7/ballon_dor_rankings_2025_according_to_betting_odds/mszh4x4/
No goal highlight post yet. R/Soccer is washed.,hot_take,,https://www.reddit.com/r/soccer/comments/1kphda2/match_thread_everton_vs_southampton_english/msxrgnl/
"Guardiola going down the same washed path as Ancelotti and Mourinho. Man has looked bereft of ideas and stubborn as hell all season. Honestly think he needs a break, cus I don't see City challenging next season",hot_take,,https://www.reddit.com/r/soccer/comments/1koqb7h/daily_discussion/mstq26u/
"We didnt have as much of the control as they do, which resulted in a bit more space to attack on for him. My one complaint of Pep is that he seems to refuse to accept that sometimes its worth giving away possession to open up the other team a bit but he rather side-pass and pray-cross for 95min sometimes. Then again, what do I know.",analysis,,https://www.reddit.com/r/soccer/comments/1koyr69/whoscored_erling_haaland_has_now_failed_to_score/mstum7j/
"Both my goats Messi and Pep washed, damn.",hot_take,,https://www.reddit.com/r/soccer/comments/1koqb7h/daily_discussion/mstxddn/
What a victory! What a save Henderson in penalty! Henderson made it so easy for Crystal Palace!,reaction,,https://www.reddit.com/r/soccer/comments/1koygt7/crystal_palace_wins_the_2025_fa_cup/mstotbk/
"Is this the Portugese ""spursy""?",banter,,https://www.reddit.com/r/soccer/comments/1kjf27b/benfica_0_1_sporting_francisco_trincao_4/mrmhb6s/
Most normal moment of Vardy charity.,banter,,https://www.reddit.com/r/soccer/comments/1kdud7k/the_referee_goes_down_injured_due_to_a_collision/mqenmsf/
"The problem is a formation isn’t a philosophy, it’s complete nonsense that nowadays a formation is considered a footballing philosophy. And I’m sorry how can you be considered a good coach or manager when you can’t evaluate a group of players and design a system that plays to their strengths. Over time you can change and adapt but to go somewhere and rigidly play a formation that brought you success at a different club with a different set of players when it doesn’t suit them isn’t a philosophy it’s stupid.",analysis,,https://www.reddit.com/r/soccer/comments/1kn39sk/sean_dyche_on_his_reputation_most_people_think_im/msftfqg/
A ticket to the CL straight from the near-relegation zone this is football heritage,banter,,https://www.reddit.com/r/soccer/comments/1ki13vn/united_and_spurs_will_face_of_in_uel_final_in/mrb9rdq/
SMILING THRU IT CAUSE I CANT BELIEVE THIS IS MY LIFEEEE,reaction,,https://www.reddit.com/r/soccer/comments/1ge95a0/david_ornstein_manchester_united_working_on_deal/lu7tbjm/
I said 5 months ago Barca should accept Juve's offer for Araujo as he's incredibly overrated and injury prone. I got down voted like crazy and called an idiot.,hot_take,,https://www.reddit.com/r/soccer/comments/1ko00sz/flick_insists_on_signing_tah_and_the_defender_is/msmbm1l/
"Always thought he was grossly overrated, just been exposed for lack of depth this year",hot_take,,https://www.reddit.com/r/soccer/comments/1kovbqa/match_thread_crystal_palace_vs_manchester_city_fa/mstgfz4/
Most normal Barca game,banter,,https://www.reddit.com/r/soccer/comments/1kk1ntt/match_thread_barcelona_vs_real_madrid_laliga/mrrcmxs/
Ten hag was pressing high with a low line of defense (due to our backline not being pacey at all) this created a huge space in the midfield that people would just run through and get off shots (which contributed to onana facing the most shots of any team itw) it was a wierd tactic and while not particularly genius or anything it did somewhat work. Instead of conceeding due to defensive errors you would conceede dude to gk blunders which obviously impacted onanas confidence throughout his utd stint,analysis,,https://www.reddit.com/r/soccer/comments/1kmfa7n/whitwell_erik_ten_hag_former_manchester_united/msapjqq/
"You misunderstand. The high line system *necessitates* an elite ball playing keeper, to be pushed forward as a sweeper in possession and stop transitions early. On no fewer than 5 occasions in El Clasico did Tek do just that. If it were, say, Nick Pope, standing between the sticks and looking menacing, Mbappe and Vini would have feasted on clear runs towards goal.",analysis,,https://www.reddit.com/r/soccer/comments/1kmr2i3/leo_román_has_played_two_laliga_games_in_2025/msdtws4/
Send him to real Madrid he's washed,hot_take,,https://www.reddit.com/r/soccer/comments/1koyr69/whoscored_erling_haaland_has_now_failed_to_score/msvjicu/
Frimpong is getting incredibly overrated by everyone. He'll be benched for Bradley by November.,hot_take,,https://www.reddit.com/r/soccer/comments/1knz2kf/daily_discussion/msm59zb/
Cant believe im saying it god bless haaland Free palestine 🔻,reaction,,https://www.reddit.com/r/soccer/comments/1jjuvs9/israel_14_norway_erling_haaland_83/mjs6dyv/
"Everybody and their uncle knew mbappe Vini and no striker was never going to work Unrelated to injuries, you can't be elite with two lazy players. One can be managed not two. Madrid needed Kane more mbappe. They will need a striker I'm so curious to see how xabi sets up this team. Both of his formation and style of play doesn't suit the players madrid has",analysis,,https://www.reddit.com/r/soccer/comments/1koqb7h/daily_discussion/msx30d4/
"The fact that Pep still trusts Doku after all this time is a clear sign that he is out of ideas, i.e. washed. Time to leave the football mate",hot_take,,https://www.reddit.com/r/soccer/comments/1kovbqa/match_thread_crystal_palace_vs_manchester_city_fa/mstlwo9/
"I don't think there's much wrong with the system. A lot of the defenders have been in and out of the lineup and we're missing Kounde, which has screwed up our defensive line. Plus the defensive line wasn't the reason we lost to Inter. Instead it was us conceding every single shot they took while Sommer was stopping everything.",analysis,,https://www.reddit.com/r/soccer/comments/1kpr6pc/barcelona_2_3_villarreal_tajon_buchanan_80/mszxcvw/
I CANT BELIEVE IT the whole defense ball watching again,reaction,,https://www.reddit.com/r/soccer/comments/1k1n3j5/manchester_utd_2_2_lyon_a_lacazette_78/mnndx6c/
What a save... I was certain Doku had it.,reaction,,https://www.reddit.com/r/soccer/comments/1kovbqa/match_thread_crystal_palace_vs_manchester_city_fa/mstadd3/
"I don't really think it is. Our most important positions for transfers are a 9, left back, right back, and a centre defender. A 9 should be our priority. We can't rely on Salah to put in world class performances every season with him getting older. We need to begin the transition. In the 10 we have Szobo, Jones, Macca, and Elliot as a sub. That's more than enough depth and either way, our 10 plays more like a mix between the 8 and 10 with all the pressing they do.",analysis,,https://www.reddit.com/r/soccer/comments/1ko5olx/according_to_sky_leverkusens_initial_demand_for/mspklzg/
To be fair another video on the front of r/soccer is of Martinez crying and waving to the villa fans and there all the comments are about how overrated he is,hot_take,,https://www.reddit.com/r/soccer/comments/1koebo5/gastón_edul_emiliano_martinezs_time_in_aston/msqy6ot/
Honestly some of them are brain washed by the large fan accounts who seem to have it out for some players like ter stegen and de jong.,hot_take,,https://www.reddit.com/r/soccer/comments/1kpqi4t/barcelona_2_2_villarreal_santi_comesaña_51/mszrxs7/
Both messi and cr7 are getting washed,hot_take,,https://www.reddit.com/r/soccer/comments/1kpcs4n/official_alnassr_have_failed_to_qualify_for_next/msx04ax/
"Weirdly I think this formation could suit TAA perfectly. Everyone knows he’s not the best defender but this position would give him licence to go forward and cut into midfield/no. 10, knowing Valverde is there to fill the position. He needs more centre backs to make the formation work as a whole, but I don’t think the rumours with Saliba are coming from no where. Clearly that’s the next priority position for Madrid.",analysis,,https://www.reddit.com/r/soccer/comments/1kn7qj5/xabi_alonso_wants_to_play_with_three_centrebacks/msg1z2l/
His just washed There's a reason Barcelona happily let him go back,hot_take,,https://www.reddit.com/r/soccer/comments/1kovbqa/match_thread_crystal_palace_vs_manchester_city_fa/mstkkeu/
Didn’t Bastoni do it last time with Gavi too? Football heritage.,banter,,https://www.reddit.com/r/soccer/comments/1kgjk5f/bastoni_on_instagram/mr0xevx/
Football heritage goal.,banter,,https://www.reddit.com/r/soccer/comments/1kc3wob/on_this_day_20_years_ago_leo_messi_scored_his/mpzp1wj/
"Jokes on us, the one actually washed was everyone else",hot_take,,https://www.reddit.com/r/soccer/comments/1kpr1xp/sevilla_0_1_real_madrid_kylian_mbappe_75/mszy36e/
Football heritage mate.,banter,,https://www.reddit.com/r/soccer/comments/1kgxezd/ruben_amorim_if_you_look_at_the_premier_league_we/mr2g9wf/
That's because they don't consider the game state. Palace scored early from a low xG shot and chose to sit back for the rest of the game. City would naturally have more possession and get off more shots leading to a higher xG,analysis,,https://www.reddit.com/r/soccer/comments/1koqb7h/daily_discussion/msu0oom/
"Don't worry mate, we'll have it in our hands on the final day then get screwed at old Trafford, real football heritage.",banter,,https://www.reddit.com/r/soccer/comments/1knzzam/all_possible_final_premier_league_table_positions/msmk2l9/
And to think people were calling him washed and a complete joke of a signing at the beginning of the season for having a slow start and a couple games with a few offsides lol,hot_take,,https://www.reddit.com/r/soccer/comments/1kpr1xp/sevilla_0_1_real_madrid_kylian_mbappe_75/mszwo48/
"Regardless of who plays, Barca players whining and surrounding the ref is inevitable. Saltiest club on the pitch, it's football heritage.",banter,,https://www.reddit.com/r/soccer/comments/1kgc8rf/match_thread_inter_milan_vs_barcelona_uefa/mqxwodq/
"Dortmund didn't have control of the game so Haaland had tons of space to run during the transition, but with the way City has 70%+ of possession there's not much he can do other than stay in the box waiting for some service, and he's amazing on the movement off the ball mind you, they're just not very good at finding him.",analysis,,https://www.reddit.com/r/soccer/comments/1koyr69/whoscored_erling_haaland_has_now_failed_to_score/mstwzwb/
"Given the scale of tje impendong liverpool rebuild and that we need to buy a RB (frimpong), LB (kerkez), CB, a striker or two, a winger with an eye for salah's replacement, AND maybe midfield depth, I could see this as a potential stop gap solution in the midfield area for a season or two. He doesn't have the legs to play week in and out anymore, but maybe he's a good rotation option for macallister. He'd be valuable in games where the opponent is parking the bus and you need some creative option for unlocking the defence.",analysis,,https://www.reddit.com/r/soccer/comments/1kq22p4/mo_salah_on_kevin_de_bruyne_i_want_to_tell_him/mt3nqfg/
I swear I see you in every Bruno thread saying the same shit about him being overrated lol Do you genuinely not get tired?,hot_take,,https://www.reddit.com/r/soccer/comments/1ko9qom/bruno_fernandes_is_2nd_in_the_league_for_ga_while/msot5uq/
Most normal day on the balkans.,banter,,https://www.reddit.com/r/soccer/comments/1kpkmgm/after_a_few_blue_flares_at_the_title_celebrations/mszi26v/
What a save damn,reaction,,https://www.reddit.com/r/soccer/comments/1kpoprz/match_thread_barcelona_vs_villarreal_laliga/msze4qq/
"Massively overrated player, always has been",hot_take,,https://www.reddit.com/r/soccer/comments/1koqb7h/daily_discussion/mstljd3/
What a beaut of a goal,reaction,,https://www.reddit.com/r/soccer/comments/1kpk2t7/match_thread_west_ham_united_vs_nottingham_forest/msyqjf7/
It's football heritage at this point for them lmao,banter,,https://www.reddit.com/r/soccer/comments/1kboeky/c_ronaldos_reaction_at_full_time_after_al_nassr/mpwmbwk/
Seeing crying kid in the stands is football heritage,banter,,https://www.reddit.com/r/soccer/comments/1kovbqa/match_thread_crystal_palace_vs_manchester_city_fa/msto2r1/
"""Foden is the most overrated player in world football"" Don't hold back, mate. Tell us how you really feel!",hot_take,,https://www.reddit.com/r/soccer/comments/1kpgheq/daily_discussion/mt18t1z/
I CANT BELIEVE THIS SHIT AHAHAH THIS IS LIVERPOOOOOOL,reaction,,https://www.reddit.com/r/soccer/comments/1j4c0ql/match_thread_paris_saintgermain_vs_liverpool_uefa/mg8239g/
"Arguably it would be incredibly spursy to win a trophy in the most turbulent, crap season",banter,,https://www.reddit.com/r/soccer/comments/1kk1b9m/manchester_united_0_1_west_ham_united_tomas/mrr1iev/
Most normal reaction of any Inter fan last night after the winner hahaha,banter,"Edge case: could be reaction, labeled banter because the meme phrasing is the main point.",https://www.reddit.com/r/soccer/comments/1kgrugr/alternate_angle_of_frattesis_celebration_after/mr23o37/
No way they are overturning that,reaction,,https://www.reddit.com/r/soccer/comments/1kpr8ax/match_thread_parma_vs_napoli_italian_serie_a/mt0jne8/
Kevin DeBruyne remains the most overrated footballer of all time.,hot_take,,https://www.reddit.com/r/soccer/comments/1koqb7h/daily_discussion/mstb145/
"Reigning PFA player of the year and local lad Foden comes off the bench to help save the game for City and puts in another nothing performance Most overrated, overhyped and over protected player of his generation",hot_take,,https://www.reddit.com/r/soccer/comments/1koygl7/postmatch_thread_crystal_palace_10_manchester/mstr4vf/
"It is in the context of modern wingers and formations - wingers in the days of the 4-4-2 was not as advanced or attacking focused role as the one filled by wingers in todays variations where they are essentially part of a 3 forward set up, and with so many big name, high production wingers being explicitly ALLOWED to ignore defensive responsibility ala mbappe, prime Messi etc.",analysis,,https://www.reddit.com/r/soccer/comments/1knokkm/raphinha_in_modern_football_its_important_for_all/mskfksf/
He's not average by any means. He just feels comfortable around a striker who sets the line and allows him to play in the space behind the midfield and be chaotic. He never found that and had to play roles that never suited him. Obviously he was never good enough to create a team around him. But Marcelino found a way.,analysis,,https://www.reddit.com/r/soccer/comments/1kpovdp/barcelona_0_1_villarreal_ayoze_perez_4/mszemnt/
"He doesn't press and he clearly looks like he doesn't give a shit anymore. He usually did care, so he made up for the lack of pressing by being an absolute menace in attack. But he looks like he either mentally checked out of the season long ago or of the team entirely.",analysis,,https://www.reddit.com/r/soccer/comments/1kpgheq/daily_discussion/mt15bx9/
wow what a goal,reaction,,https://www.reddit.com/r/soccer/comments/1kpk2t7/match_thread_west_ham_united_vs_nottingham_forest/msyqfeq/
Most normal Liverpool fan You can have Vazquez though,banter,,https://www.reddit.com/r/soccer/comments/1kkrbsp/marca_rodrygo_told_team_during_the_week_that_he/mrxgsl8/
"I think you want 5 CB options even if you play a 4 back formation. You can also have hybrid CB/ fullbacks in those lcb and rcb positions in amorims system. It's probably not ideal but will do a job. I imagine they only sign 1 CB this summer as lindelof and Evans both leave and the rest are injury prone. Go into next season with de ligt, yoro, Maguire, Martinez, Heaven +1 signing with mazraoui and Shaw able to do a job there, which I think would be okay for amorim or a new manager, just need forwards that are actually capable of scoring some goals.",analysis,,https://www.reddit.com/r/soccer/comments/1koiimi/optajoe_092_ruben_amorim_has_won_24_points_in_26/mssaxrn/
I CANT BELIEVE ITTTT,reaction,,https://www.reddit.com/r/soccer/comments/1junq1g/arsenal_2_0_real_madrid_declan_rice_70/mm3i7t7/
Both these clubs are infinitely have more football heritage and soul than your average English club which is nothing more than a billionaires hobby,banter,,https://www.reddit.com/r/soccer/comments/1kknx1h/barcelona_could_not_believe_the_disgraceful/mrvxro1/
"He’s in a both a fortunate and unfortunate spot at the same time. Fortunate that he’s one of only a few right wingers who are right footed and he’s in excellent form. Unfortunate because not many teams play with out and out wingers like that and prefer the inverted type of winger, like Saka and Gordon. On form, he should be there; in formation and tactic, we’ll see.",analysis,,https://www.reddit.com/r/soccer/comments/1kn63re/squawka_most_big_chances_created_from_openplay_in/msfp11q/
"This is football heritage. The game is back, we’re so back.",banter,,https://www.reddit.com/r/soccer/comments/1kdud7k/the_referee_goes_down_injured_due_to_a_collision/mqdmwz2/
"Courtois made 21 saves against Liverpool in the final... Also most possession based systems rely on outperforming xG, as the logic it to create so many chances that you score a few of them. Counter attacking based systems rely on xG, as the goal is to create a few but high quality chances and convert most of them.",analysis,,https://www.reddit.com/r/soccer/comments/1kpr6pc/barcelona_2_3_villarreal_tajon_buchanan_80/mt071mw/
Crazy how city managed to have the two most overrated players in history (Haaland and Foden) at the same time,hot_take,,https://www.reddit.com/r/soccer/comments/1kovbqa/match_thread_crystal_palace_vs_manchester_city_fa/mstkpkg/
he is tenth in the league why he talks like he won serie a. overrated coach,hot_take,,https://www.reddit.com/r/soccer/comments/1kosk3r/fabregas_i_did_speak_with_other_clubs_yes_we_made/mssdnl7/
Desperately hoping Mazraoui gets benched for the final. What an overrated player.,hot_take,,https://www.reddit.com/r/soccer/comments/1kobg4c/chelsea_10_manchester_utd_marc_cucurella_71/msoupbj/
English fans being arrogant and snobby is football heritage,banter,,https://www.reddit.com/r/soccer/comments/1kcqxrk/daily_discussion/mq9vo0h/
"For some reason Barnes and Gordon started playing wider, when they'd been so effective as dual 10s in the first half. Meant Arsenal's midfield 3 could pass aorund Tonali and Bruno, where in the first half Odegaard and Rice kept finding themselves caught upfield and Partey stuck too far back. It's weird, because it's similar to what Liverpool did, letting Arsenal have much more space 2nd half. Might just be keeping that intense press up at this stage of the season isn't possible, or the managers had seen crosses being effective and doubled down on them.",analysis,,https://www.reddit.com/r/soccer/comments/1kppelf/post_match_thread_arsenal_10_newcastle_united/mszvjf9/
I agree but I DO want to see the Bradley/Frimpong double wide flank attack. I’ve seen that tactic work well against possession-based teams who defend narrow. It might not be an every week thing but I could see it being in the tactical locker so to speak.,analysis,,https://www.reddit.com/r/soccer/comments/1knzjz8/romano_jeremie_frimpong_and_liverpool_deal_at_the/msm9ek0/
"MOTM performance in the FA cup final with a cap on, this is football heritage",banter,,https://www.reddit.com/r/soccer/comments/1koyfp0/dean_henderson_briefly_goalkeeping_with_a_cap_on/mstrjf9/
